<?xml version="1.0" encoding="UTF-8"?><rss version="2.0"
	xmlns:content="http://purl.org/rss/1.0/modules/content/"
	xmlns:wfw="http://wellformedweb.org/CommentAPI/"
	xmlns:dc="http://purl.org/dc/elements/1.1/"
	xmlns:atom="http://www.w3.org/2005/Atom"
	xmlns:sy="http://purl.org/rss/1.0/modules/syndication/"
	xmlns:slash="http://purl.org/rss/1.0/modules/slash/"
	>

<channel>
	<title>Uncategorized &#8211; Portugal Made Easy</title>
	<atom:link href="/category/uncategorized/feed/" rel="self" type="application/rss+xml" />
	<link>/</link>
	<description></description>
	<lastBuildDate>Sun, 20 Oct 2024 23:46:03 +0000</lastBuildDate>
	<language>en-US</language>
	<sy:updatePeriod>
	hourly	</sy:updatePeriod>
	<sy:updateFrequency>
	1	</sy:updateFrequency>
	<generator>https://wordpress.org/?v=6.6.2</generator>
	<item>
		<title>A Guide To Christmas In Portugal</title>
		<link>/christmas-in-portugal/</link>
					<comments>/christmas-in-portugal/#respond</comments>
		
		<dc:creator><![CDATA[Gabriel Santos]]></dc:creator>
		<pubDate>Sun, 20 Oct 2024 23:45:07 +0000</pubDate>
				<category><![CDATA[Uncategorized]]></category>
		<guid isPermaLink="false">/?p=8778</guid>

					<description><![CDATA[Christmas in Portugal is a special time filled with unique traditions and celebrations. From festive foods to joyful gatherings, this guide will help you understand how the Portuguese celebrate this holiday season. Whether you&#8217;re planning to visit or just curious about the customs, you&#8217;ll discover the warmth and charm of Christmas in this beautiful country. [...]]]></description>
										<content:encoded><![CDATA[
<p>Christmas in Portugal is a special time filled with unique traditions and celebrations. From festive foods to joyful gatherings, this guide will help you understand how the Portuguese celebrate this holiday season. Whether you&#8217;re planning to visit or just curious about the customs, you&#8217;ll discover the warmth and charm of Christmas in this beautiful country.</p>



<h3 class="wp-block-heading">Some Takeaways From This Guide</h3>



<ul class="wp-block-list">
<li>Christmas Eve is the main celebration in Portugal, featuring a special dinner called Consoada.</li>



<li>The Portuguese have a tradition of creating nativity scenes, known as Presépios, which are displayed in homes and public spaces.</li>



<li>Pai Natal, or Santa Claus, brings gifts to children on Christmas Eve, making it a magical time for families.</li>



<li>Christmas markets are popular in cities like Lisbon and Óbidos, offering festive treats and decorations.</li>



<li>The holiday season officially ends on January 6th with Dia dos Reis, when families gather to celebrate and enjoy traditional foods.</li>
</ul>



<h2 class="wp-block-heading">Portuguese Christmas Traditions</h2>



<figure class="wp-block-image size-full"><img fetchpriority="high" decoding="async" width="1024" height="512" src="/wp-content/uploads/2024/10/image.jpeg" alt="" class="wp-image-8782" srcset="/wp-content/uploads/2024/10/image.jpeg 1024w, /wp-content/uploads/2024/10/image-300x150.jpeg 300w, /wp-content/uploads/2024/10/image-768x384.jpeg 768w, /wp-content/uploads/2024/10/image-150x75.jpeg 150w, /wp-content/uploads/2024/10/image-450x225.jpeg 450w" sizes="(max-width: 1024px) 100vw, 1024px" /></figure>



<h3 class="wp-block-heading">The Significance of Presépios</h3>



<p>In Portugal, <strong>nativity scenes</strong>, known as <em>presépios</em>, are a cherished tradition. These scenes can be found in homes and public spaces, showcasing the birth of Jesus. Many towns even host live nativity scenes, where people dress up as characters from the Christmas story. Notably, São Paio de Oleiros holds the record for the largest moving nativity scene in the world. Families often create their own presépios with great care, using natural materials like moss and stones to make them special.</p>



<h3 class="wp-block-heading">The Role of Pai Natal</h3>



<p>Another important figure during Christmas in Portugal is <em>Pai Natal</em>, the Portuguese version of Santa Claus. He is believed to bring gifts to children on Christmas Eve. Families often place their shoes out, hoping to find them filled with treats the next morning. This tradition emphasizes the joy of giving and receiving, especially for the little ones.</p>



<h3 class="wp-block-heading">Attending Missa do Galo</h3>



<p>A key part of Christmas Eve is attending <strong>Missa do Galo</strong>, or Midnight Mass. This event is a time for families to come together and celebrate the birth of Jesus. After the mass, it’s common for families to return home and exchange gifts, marking a joyful end to the evening. This tradition highlights the importance of family and faith during the holiday season.</p>



<h2 class="wp-block-heading">Christmas Eve Celebrations</h2>



<figure class="wp-block-image"><img decoding="async" src="https://contenu.nyc3.digitaloceanspaces.com/journalist/4430fd6d-fef6-4757-bd79-396ccfcaa76c/thumbnail.jpeg" alt="closeup photo of baubles on christmas tree"/></figure>



<h3 class="wp-block-heading">Traditional Christmas Eve Dinner</h3>



<p>On Christmas Eve, families in Portugal gather for a special dinner that often features <strong>bacalhau</strong>, or salted cod, as the main dish. This meal is typically served around 8 or 9 PM, but the festivities start earlier with drinks and appetizers. Here are some common dishes:</p>



<ul class="wp-block-list">
<li>Bacalhau a Gomes de Sá (cod with potatoes and onions)</li>



<li>Pasteis de bacalhau (cod fritters)</li>



<li>Various starters and sides</li>
</ul>



<h3 class="wp-block-heading">Family Gatherings and Festivities</h3>



<p>The evening is filled with laughter and joy as families come together. After dinner, the table transforms into a dessert display featuring traditional sweets like Bolo Rei, arroz doce, and rabanadas. Families often enjoy some Port wine and coffee while sharing stories and playing games. <strong>Many families stay up late, sometimes until 1 or 2 AM, enjoying each other&#8217;s company.</strong></p>



<h3 class="wp-block-heading">Exchanging Gifts at Midnight</h3>



<p>At midnight, the excitement peaks as families exchange gifts. Children eagerly await this moment, often staying awake just to open their presents. For those who are more religious, attending the Missa do Galo, or Midnight Mass, is a cherished tradition. After the mass, families return home to continue their celebrations.</p>



<blockquote class="wp-block-quote is-layout-flow wp-block-quote-is-layout-flow">
<p>Christmas Eve in Portugal is not just a meal; it’s a time for family, joy, and creating memories that last a lifetime.</p>
</blockquote>



<p>In summary, Christmas Eve in Portugal is a blend of delicious food, family bonding, and festive traditions that make it a truly special occasion. <strong>This is the </strong><a href="https://www.sintraexplorers.com/post/most-memorable-christmas-new-year-s-eve-in-lagos-2024-2025" target="_blank" rel="noreferrer noopener nofollow"><strong>most memorable Christmas</strong></a> for many families, filled with love and joy.</p>



<h2 class="wp-block-heading">Christmas Day in Portugal</h2>



<figure class="wp-block-image"><img decoding="async" src="https://contenu.nyc3.digitaloceanspaces.com/journalist/5c333400-cd0f-4c8b-b30f-24cea268fcd8/thumbnail.jpeg" alt="photo of green leafed plants"/></figure>



<p>Christmas Day in Portugal is a time for <em>relaxation</em> and family. <strong>Most presents are already opened</strong>, but sometimes friends or family may visit, bringing more gifts to share.</p>



<h3 class="wp-block-heading">Morning Mass and Religious Observances</h3>



<p>Many families start their day by attending a morning mass, which is a significant part of the holiday. This is a time for reflection and celebration of the birth of Jesus.</p>



<h3 class="wp-block-heading">Christmas Lunch and Desserts</h3>



<p>Lunch typically begins between 1 and 2 PM. The main dish often features:</p>



<ul class="wp-block-list">
<li>Cabrito Assado (oven-roasted lamb)</li>



<li>Stuffed turkey as a more affordable option</li>



<li>Roupa Velha, a dish made from leftover cod, potatoes, and cabbage</li>
</ul>



<p>Desserts are a highlight, with favorites like:</p>



<ul class="wp-block-list">
<li>Bolo Rei (a fruit and nut cake)</li>



<li>Arroz doce (rice pudding)</li>



<li>Rabanadas (French toast)</li>
</ul>



<h3 class="wp-block-heading">Visiting Relatives and Friends</h3>



<p>The rest of the day is usually spent with family, enjoying each other&#8217;s company. Many people watch Christmas movies or take a nap. Friends and extended family often drop by to share desserts and gifts.</p>



<blockquote class="wp-block-quote is-layout-flow wp-block-quote-is-layout-flow">
<p>Christmas Day is a wonderful time to connect with loved ones and enjoy the festive spirit together.</p>
</blockquote>



<p>Overall, Christmas Day in Portugal is a blend of <em>tradition</em> and joy, making it a special occasion for everyone involved.</p>



<h2 class="wp-block-heading">Popular Christmas Markets</h2>



<h3 class="wp-block-heading">Lisbon&#8217;s Christmas Market</h3>



<p>Lisbon is home to several festive markets, with the <strong>Campo Pequeno Christmas Market</strong> being one of the most popular. Here, you can find a variety of <em>gifts</em>, delicious pastries, and unique items. The market is lively and filled with holiday cheer, making it a must-visit during the season.</p>



<h3 class="wp-block-heading">Óbidos Christmas Village</h3>



<p>The charming village of Óbidos hosts a magical Christmas village every year. This market is known for its beautiful decorations and festive atmosphere. Visitors can enjoy local crafts, tasty treats, and even live performances. It&#8217;s a great place to soak in the holiday spirit.</p>



<h3 class="wp-block-heading">Porto&#8217;s Christmas Markets</h3>



<p>Porto also has its share of delightful Christmas markets. The <strong>Crystal Palace Christmas Market</strong> is a highlight, featuring stunning views and a variety of stalls. You can find handmade crafts, local foods, and festive drinks. Another notable market is the <strong>Braga Christmas Market</strong>, which offers a unique blend of tradition and modernity.</p>



<figure class="wp-block-table"><table class="has-fixed-layout"><tbody><tr><th>Market Name</th><th>Location</th><th>Dates</th></tr><tr><td>Campo Pequeno Christmas Market</td><td>Lisbon</td><td>November 30 &#8211; December 3</td></tr><tr><td>Óbidos Christmas Village</td><td>Óbidos</td><td>December (exact dates vary)</td></tr><tr><td>Crystal Palace Christmas Market</td><td>Porto</td><td>December (exact dates vary)</td></tr></tbody></table></figure>



<h3 class="wp-block-heading">Other Notable Markets Across Portugal</h3>



<ul class="wp-block-list">
<li><strong>Mercado da Alegria</strong> in Porto</li>



<li><strong>Cascais Christmas Village</strong></li>



<li><strong>Coimbra&#8217;s Christmas Market</strong></li>
</ul>



<blockquote class="wp-block-quote is-layout-flow wp-block-quote-is-layout-flow">
<p>Christmas markets in Portugal may not be as famous as those in other European countries, but they offer a unique charm and a chance to experience local culture during the festive season.</p>
</blockquote>



<p>Whether you&#8217;re shopping for gifts or enjoying festive treats, these markets are a wonderful way to celebrate Christmas in Portugal!</p>



<h2 class="wp-block-heading">Festive Foods and Sweets</h2>



<h3 class="wp-block-heading">Bolo Rei and Other Christmas Cakes</h3>



<p>One of the most beloved treats during Christmas in Portugal is <strong>Bolo Rei</strong>, a festive cake filled with dried fruits and nuts. This cake is traditionally enjoyed from Christmas until January 6th, known as Kings Day. Another popular option is <strong>Bolo Rainha</strong>, which is similar but uses more nuts instead of dried fruits. Both cakes are a must-try during the holiday season.</p>



<h3 class="wp-block-heading">Traditional Portuguese Desserts</h3>



<p>Portuguese Christmas dinners are incomplete without a variety of <em>sweets</em>. Here are some favorites:</p>



<ul class="wp-block-list">
<li><strong>Rabanadas</strong>: Similar to French toast, these are fried bread slices coated in sugar and cinnamon.</li>



<li><strong>Sonhos</strong>: Deep-fried pastry balls that are light and fluffy, often dusted with sugar.</li>



<li><strong>Arroz Doce</strong>: A creamy rice pudding flavored with cinnamon.</li>
</ul>



<h3 class="wp-block-heading">Savory Dishes for the Festive Season</h3>



<p>While sweets take center stage, savory dishes also play a role in Christmas celebrations. Common options include:</p>



<ol class="wp-block-list">
<li><strong>Bacalhau</strong>: Salted cod, often served with potatoes and cabbage.</li>



<li><strong>Cabrito Assado</strong>: Roasted baby goat, a favorite in many families.</li>



<li><strong>Octopus</strong>: Particularly popular in northern regions of Portugal.</li>
</ol>



<blockquote class="wp-block-quote is-layout-flow wp-block-quote-is-layout-flow">
<p>The festive season in Portugal is a time for family, food, and tradition. Each dish tells a story and brings people together.</p>
</blockquote>



<h3 class="wp-block-heading">Conclusion</h3>



<p>In summary, the festive foods and sweets of Portugal during Christmas are a delightful mix of flavors and traditions. From the iconic Bolo Rei to the sweet treats like Rabanadas, there’s something for everyone to enjoy. Don&#8217;t forget to try a glass of <strong>ginja</strong>, a <a target="_blank" rel="noreferrer noopener" href="https://www.ferretingoutthefun.com/2016/12/13/christmas-in-lisbon/">sweet cherry liqueur</a> that adds to the holiday spirit!</p>



<h2 class="wp-block-heading">Christmas Decorations and Lights</h2>



<h3 class="wp-block-heading">Nativity Scenes in Public Spaces</h3>



<p>In Portugal, <em>nativity scenes</em> are a cherished tradition. Many towns and cities display beautiful <strong>presépios</strong> in public areas, showcasing the birth of Jesus. These scenes often include intricate details and are made by local artisans. You can find them in places like churches and town squares, making them a central part of the festive atmosphere.</p>



<h3 class="wp-block-heading">Christmas Trees and Home Decorations</h3>



<p>During the holiday season, families decorate their homes with lights, ornaments, and a Christmas tree. The most famous tree is usually found in <strong>Praça do Comércio</strong> in Lisbon, where it stands tall and bright. Other cities, like Porto and Coimbra, also have impressive trees that attract visitors. Here are some common decorations:</p>



<ul class="wp-block-list">
<li><strong>Lights</strong>: Twinkling lights adorn homes and streets.</li>



<li><strong>Ornaments</strong>: Colorful baubles and handmade crafts.</li>



<li><strong>Garlands</strong>: Festive greenery draped around doorways and windows.</li>
</ul>



<h3 class="wp-block-heading">Festive Street Lights and Displays</h3>



<p>Cities across Portugal come alive with stunning <strong>Christmas lights</strong>. By the end of November, many towns switch on their decorations, creating a magical atmosphere. In Lisbon, the best displays can be seen along Rua Augusta and in Rossio Square. Here’s a quick overview of some notable locations:</p>



<figure class="wp-block-table"><table class="has-fixed-layout"><tbody><tr><th>City</th><th>Main Display Location</th><th>Switch-On Date</th></tr><tr><td>Lisbon</td><td>Praça do Comércio</td><td>November 30, 2023</td></tr><tr><td>Porto</td><td>Avenida dos Aliados</td><td>December 1, 2023</td></tr><tr><td>Coimbra</td><td>Largo da Portagem</td><td>Early December</td></tr></tbody></table></figure>



<blockquote class="wp-block-quote is-layout-flow wp-block-quote-is-layout-flow">
<p>The festive season in Portugal is truly special, with stunning Christmas lights illuminating the streets and creating a joyful atmosphere for all to enjoy!</p>
</blockquote>



<h2 class="wp-block-heading">New Year’s Eve Celebrations</h2>



<h3 class="wp-block-heading">Fireworks and Public Events</h3>



<p>In Portugal, New Year’s Eve is a time for <strong>celebration and joy</strong>. Major cities like Lisbon and Porto host vibrant street parties filled with music and fireworks. People gather in public squares to enjoy the festivities. For instance, Praça do Comércio in Lisbon offers stunning views of the fireworks over the River Tejo.</p>



<h3 class="wp-block-heading">Traditional New Year’s Eve Dinner</h3>



<p>Many locals prefer to celebrate with a simple yet meaningful tradition: eating <strong>12 raisins</strong> at midnight, one for each month of the year. Each raisin represents a wish for the upcoming year. Additionally, many hotels and restaurants offer special packages that include meals, drinks, and music.</p>



<h3 class="wp-block-heading">Celebrating with Espumante and Sultanas</h3>



<p>As the clock strikes midnight, it’s customary to toast with <em>espumante</em> (sparkling wine) while enjoying the fireworks. After the toast, the night continues with dancing and more food. In Madeira, the fireworks display is particularly famous, attracting visitors from all over.</p>



<p>Here’s a quick overview of popular locations to celebrate New Year’s Eve in Portugal:</p>



<figure class="wp-block-table"><table class="has-fixed-layout"><tbody><tr><th>Location</th><th>Highlights</th></tr><tr><td>Lisbon</td><td>Praça do Comércio, fireworks over River Tejo</td></tr><tr><td>Porto</td><td>Free street party at Avenida dos Aliados</td></tr><tr><td>Madeira</td><td>Renowned fireworks display</td></tr><tr><td>Algarve</td><td>Concerts at Praia dos Pescadores</td></tr></tbody></table></figure>



<blockquote class="wp-block-quote is-layout-flow wp-block-quote-is-layout-flow">
<p>Celebrating New Year’s Eve in Portugal is a unique experience, blending tradition with modern festivities.</p>
</blockquote>



<p>Whether you’re in a bustling city or a quiet village, the spirit of the New Year is felt everywhere. Enjoy the celebrations and make the most of this special night!</p>



<h2 class="wp-block-heading">Winter Activities and Events</h2>



<h3 class="wp-block-heading">Visiting Serra da Estrela for Snow</h3>



<p>If you dream of a <a target="_blank" rel="noreferrer noopener" href="https://myportugalholiday.com/portugal-guides/portugal-winter-holiday.html">white Christmas</a>, head to <em>Serra da Estrela</em>, Portugal&#8217;s only ski resort. Here, you can enjoy skiing, snowboarding, and cozy evenings by the fire. The area offers special holiday packages, making it a perfect winter getaway.</p>



<h3 class="wp-block-heading">Christmas Villages and Live Nativity Scenes</h3>



<p>Several towns transform into magical Christmas villages during the festive season. Here are some highlights:</p>



<ul class="wp-block-list">
<li><strong>Cascais Christmas Village</strong>: Enjoy rides, stalls, and a live nativity scene from November 30 to January 2.</li>



<li><strong>Óbidos</strong>: This town becomes a winter wonderland from November 30 to December 31.</li>



<li><strong>Cabeça</strong>: Known for its charming decorations and festive activities from December 8 to early January.</li>
</ul>



<h3 class="wp-block-heading">Festive Concerts and Performances</h3>



<p>Throughout Portugal, you can find various concerts and performances that celebrate the holiday spirit. In cities like Porto, candlelight concerts and Christmas shows are popular. These events create a warm atmosphere, perfect for enjoying the season with friends and family.</p>



<blockquote class="wp-block-quote is-layout-flow wp-block-quote-is-layout-flow">
<p>Portugal offers a unique blend of winter activities that cater to all ages. Whether you prefer the thrill of skiing or the charm of Christmas markets, there’s something for everyone to enjoy during this festive time.</p>
</blockquote>



<h3 class="wp-block-heading">Summary Table of Key Events</h3>



<figure class="wp-block-table"><table class="has-fixed-layout"><tbody><tr><th>Event</th><th>Location</th><th>Dates</th></tr><tr><td>Cascais Christmas Village</td><td>Cascais</td><td>Nov 30 &#8211; Jan 2</td></tr><tr><td>Óbidos Winter Wonderland</td><td>Óbidos</td><td>Nov 30 &#8211; Dec 31</td></tr><tr><td>Cabeça Christmas Village</td><td>Cabeça</td><td>Dec 8 &#8211; Early Jan</td></tr><tr><td>Candlelight Concerts</td><td>Porto</td><td>Various Dates</td></tr></tbody></table></figure>



<h2 class="wp-block-heading">Expat Christmas Experience</h2>



<h3 class="wp-block-heading">Challenges and Joys of Celebrating Abroad</h3>



<p>Celebrating Christmas in a new country can be a mix of excitement and challenges. <strong>Many expats find it hard to adjust</strong> to different traditions. Here are some common experiences:</p>



<ul class="wp-block-list">
<li>Missing family gatherings back home.</li>



<li>Finding familiar foods and decorations can be tough.</li>



<li>Learning to enjoy local customs can be rewarding.</li>
</ul>



<h3 class="wp-block-heading">Joining Local Festivities</h3>



<p>Participating in local celebrations can help expats feel more connected. Here are some ways to join in:</p>



<ol class="wp-block-list">
<li>Attend local Christmas markets.</li>



<li>Join community events or church services.</li>



<li>Try traditional Portuguese foods and drinks.</li>
</ol>



<h3 class="wp-block-heading">Staying Connected with Family Back Home</h3>



<p>Keeping in touch with family during the holidays is important. Here are some tips:</p>



<ul class="wp-block-list">
<li>Schedule video calls to share moments.</li>



<li>Send holiday cards or gifts in advance.</li>



<li>Share your experiences on social media.</li>
</ul>



<blockquote class="wp-block-quote is-layout-flow wp-block-quote-is-layout-flow">
<p>Spending Christmas in Portugal can be a unique experience. Embracing local traditions while keeping in touch with your roots can create a special holiday season.</p>
</blockquote>



<p>In summary, while there are challenges, the joys of celebrating Christmas in Portugal can be fulfilling. Many expats enjoy the chance to experience a different culture during this festive time. <a target="_blank" rel="noreferrer noopener" href="https://expatexplore.com/tours/highlights-spain-portugal/">Exploring local traditions</a> can lead to new memories and friendships!</p>



<h2 class="wp-block-heading">End of Christmas: Dia dos Reis</h2>



<h3 class="wp-block-heading">Significance of Dia dos Reis</h3>



<p>The Christmas season officially wraps up on January 6, known as <strong>Dia dos Reis</strong> or the <a target="_blank" rel="noreferrer noopener" href="https://en.wikipedia.org/wiki/Epiphany_(holiday)">Day of the Kings</a>. This day marks the visit of the three wise men, or Reis Magos, to baby Jesus. Families often gather to celebrate this important event in the Christian calendar.</p>



<h3 class="wp-block-heading">Traditional Foods and Celebrations</h3>



<p>On this day, many Portuguese families enjoy a festive meal that includes:</p>



<ul class="wp-block-list">
<li>Bolo Rei (King Cake)</li>



<li>Rabanadas (similar to French toast)</li>



<li>Codfish dishes</li>
</ul>



<p>These foods are reminiscent of the Christmas feasts held on December 24 and 25. However, not all families observe this day anymore, and some even keep their Christmas trees up until the end of January.</p>



<h3 class="wp-block-heading">Packing Up Decorations</h3>



<p>As the holiday season comes to a close, families begin to take down their Christmas decorations. This includes:</p>



<ol class="wp-block-list">
<li>Removing the Christmas tree</li>



<li>Storing away ornaments and lights</li>



<li>Packing up the nativity scene</li>
</ol>



<blockquote class="wp-block-quote is-layout-flow wp-block-quote-is-layout-flow">
<p>The end of the Christmas season is a time for reflection and preparation for the new year ahead. Families cherish the memories made during the festive period, even as they say goodbye to the decorations.</p>
</blockquote>



<h2 class="wp-block-heading">Planning Your Christmas Trip to Portugal</h2>



<figure class="wp-block-image"><img decoding="async" src="https://contenu.nyc3.digitaloceanspaces.com/journalist/1a718257-f1e0-4cdc-9eb9-0d10e1b7156b/thumbnail.jpeg" alt="lighted Christmas tree under black sky"/></figure>



<p>When planning your trip to Portugal during the Christmas season, there are a few key things to keep in mind. <strong>Portugal offers a </strong><a target="_blank" rel="noreferrer noopener" href="https://www.fodors.com/community/europe/christmas-in-portugal-10-day-itinerary-help-please-1725870/"><strong>unique festive experience</strong></a> that combines tradition with modern celebrations.</p>



<h3 class="wp-block-heading">Best Places to Stay</h3>



<ul class="wp-block-list">
<li><strong>Lisbon</strong>: The capital city is vibrant with Christmas lights and markets.</li>



<li><strong>Porto</strong>: Known for its beautiful riverside and festive atmosphere.</li>



<li><strong>Madeira</strong>: Famous for its stunning New Year’s Eve fireworks.</li>
</ul>



<h3 class="wp-block-heading">Booking Restaurants and Events</h3>



<ol class="wp-block-list">
<li><strong>Make reservations early</strong>: Popular restaurants fill up quickly during the holidays.</li>



<li><strong>Check local events</strong>: Many towns have special Christmas markets and performances.</li>



<li><strong>Explore traditional foods</strong>: Don’t miss out on local delicacies like Bolo Rei.</li>
</ol>



<h3 class="wp-block-heading">Travel Tips for the Festive Season</h3>



<ul class="wp-block-list">
<li><strong>Pack for varying weather</strong>: December can be chilly, especially at night.</li>



<li><strong>Use public transport</strong>: It’s often the easiest way to get around during busy times.</li>



<li><strong>Learn a few Portuguese phrases</strong>: It can enhance your experience and interactions.</li>
</ul>



<blockquote class="wp-block-quote is-layout-flow wp-block-quote-is-layout-flow">
<p>Visiting Portugal during Christmas is a wonderful way to experience local culture and traditions. The festive spirit is truly contagious!</p>
</blockquote>



<figure class="wp-block-embed is-type-rich is-provider-embed-handler wp-block-embed-embed-handler wp-embed-aspect-16-9 wp-has-aspect-ratio"><div class="wp-block-embed__wrapper">
<iframe title="PORTUGAL TRAVEL 2024 &#x1f1f5;&#x1f1f9; | Your Ultimate Guide to Portugal&#039;s Top Bucket List Destinations" width="729" height="410" src="https://www.youtube.com/embed/eJxkBc3hTmA?feature=oembed" frameborder="0" allow="accelerometer; autoplay; clipboard-write; encrypted-media; gyroscope; picture-in-picture; web-share" referrerpolicy="strict-origin-when-cross-origin" allowfullscreen></iframe>
</div></figure>



<h2 class="wp-block-heading">Wrapping Up Your Christmas Adventure in Portugal</h2>



<p>In conclusion, celebrating Christmas in Portugal is a special experience filled with warmth and joy. From the delicious food like Bolo Rei to the beautiful nativity scenes, there’s so much to enjoy. Whether you’re walking through festive markets or sharing a meal with family, the spirit of Christmas shines bright. So, if you’re thinking about spending the holidays here, get ready for a unique celebration that blends tradition with a sunny atmosphere. Embrace the joy of the season and make wonderful memories in this beautiful country!</p>



<h2 class="wp-block-heading">Frequently Asked Questions</h2>



<h3 class="wp-block-heading">How do people celebrate Christmas in Portugal?</h3>



<p>In Portugal, Christmas is celebrated mainly on Christmas Eve. Families gather around the Christmas tree and enjoy a festive dinner together. They also attend church services and exchange gifts.</p>



<h3 class="wp-block-heading">What is Christmas called in Portugal?</h3>



<p>Christmas is simply called &#8220;Natal&#8221; in Portugal.</p>



<h3 class="wp-block-heading">What dishes are common in a Portuguese Christmas dinner?</h3>



<p>A typical Christmas dinner in Portugal often includes bacalhau (salted cod) and various traditional desserts like rabanadas (French toast) and Bolo Rei (King Cake).</p>



<h3 class="wp-block-heading">Who is Santa Claus in Portugal?</h3>



<p>In Portugal, Santa Claus is known as &#8220;Pai Natal,&#8221; and he brings gifts to children on Christmas Eve.</p>



<h3 class="wp-block-heading">Where are good places to spend Christmas Eve in Portugal?</h3>



<p>Popular places to enjoy Christmas Eve in Portugal include Lisbon, Porto, and Óbidos, where you can find festive events and beautiful decorations.</p>



<h3 class="wp-block-heading">What are some popular Christmas markets in Portugal?</h3>



<p>Some well-known Christmas markets can be found in Lisbon, Óbidos, and Cascais, offering a variety of local crafts and festive foods.</p>



<h3 class="wp-block-heading">What happens on January 6th in Portugal?</h3>



<p>January 6th, known as &#8220;Dia dos Reis&#8221; or &#8220;Day of the Kings,&#8221; marks the end of the Christmas season. Families often gather to celebrate and enjoy traditional foods.</p>



<h3 class="wp-block-heading">What travel tips should I know for Christmas in Portugal?</h3>



<p>It&#8217;s a good idea to book accommodations and restaurants in advance, as many places close early on Christmas Eve and remain closed on Christmas Day.</p>
]]></content:encoded>
					
					<wfw:commentRss>/christmas-in-portugal/feed/</wfw:commentRss>
			<slash:comments>0</slash:comments>
		
		
			</item>
	</channel>
</rss>
