<?xml version="1.0" encoding="UTF-8"?><rss version="2.0"
	xmlns:content="http://purl.org/rss/1.0/modules/content/"
	xmlns:dc="http://purl.org/dc/elements/1.1/"
	xmlns:atom="http://www.w3.org/2005/Atom"
	xmlns:sy="http://purl.org/rss/1.0/modules/syndication/"
	
	>
<channel>
	<title>
	Comments on: Tecno Spark 10 Launched With Up To 16GB RAM, 32MP Selfie Camera	</title>
	<atom:link href="/tecno-spark-10-launched-with-up-to-16gb-ram-32mp-selfie-camera/feed/" rel="self" type="application/rss+xml" />
	<link>/tecno-spark-10-launched-with-up-to-16gb-ram-32mp-selfie-camera/</link>
	<description></description>
	<lastBuildDate>Sat, 19 Oct 2024 00:05:14 +0000</lastBuildDate>
	<sy:updatePeriod>
	hourly	</sy:updatePeriod>
	<sy:updateFrequency>
	1	</sy:updateFrequency>
	<generator>https://wordpress.org/?v=6.6.2</generator>
</channel>
</rss>
