<?xml version="1.0" encoding="UTF-8"?><rss version="2.0"
	xmlns:content="http://purl.org/rss/1.0/modules/content/"
	xmlns:dc="http://purl.org/dc/elements/1.1/"
	xmlns:atom="http://www.w3.org/2005/Atom"
	xmlns:sy="http://purl.org/rss/1.0/modules/syndication/"
	
	>
<channel>
	<title>
	Comments on: Pico 4 Review: Should You Actually Buy One Instead Of Quest 2?	</title>
	<atom:link href="/review-post-stars/feed/" rel="self" type="application/rss+xml" />
	<link>/review-post-stars/</link>
	<description></description>
	<lastBuildDate>Fri, 15 Jan 2021 17:46:49 +0000</lastBuildDate>
	<sy:updatePeriod>
	hourly	</sy:updatePeriod>
	<sy:updateFrequency>
	1	</sy:updateFrequency>
	<generator>https://wordpress.org/?v=6.6.2</generator>
</channel>
</rss>
