<?xml version="1.0" encoding="UTF-8"?><rss version="2.0"
	xmlns:content="http://purl.org/rss/1.0/modules/content/"
	xmlns:dc="http://purl.org/dc/elements/1.1/"
	xmlns:atom="http://www.w3.org/2005/Atom"
	xmlns:sy="http://purl.org/rss/1.0/modules/syndication/"
	
	>
<channel>
	<title>
	Comments on: Could Solar-Powered Headphones Be The Next Must-Have?	</title>
	<atom:link href="/could-solar-powered-headphones-be-the-next-must-have/feed/" rel="self" type="application/rss+xml" />
	<link>/could-solar-powered-headphones-be-the-next-must-have/</link>
	<description></description>
	<lastBuildDate>Sat, 19 Oct 2024 00:05:15 +0000</lastBuildDate>
	<sy:updatePeriod>
	hourly	</sy:updatePeriod>
	<sy:updateFrequency>
	1	</sy:updateFrequency>
	<generator>https://wordpress.org/?v=6.6.2</generator>
</channel>
</rss>
