<?xml version="1.0" encoding="UTF-8"?><rss version="2.0"
	xmlns:content="http://purl.org/rss/1.0/modules/content/"
	xmlns:wfw="http://wellformedweb.org/CommentAPI/"
	xmlns:dc="http://purl.org/dc/elements/1.1/"
	xmlns:atom="http://www.w3.org/2005/Atom"
	xmlns:sy="http://purl.org/rss/1.0/modules/syndication/"
	xmlns:slash="http://purl.org/rss/1.0/modules/slash/"
	>

<channel>
	<title>Biometrics &#8211; Portugal Made Easy</title>
	<atom:link href="/category/example-1/biometrics/feed/" rel="self" type="application/rss+xml" />
	<link>/</link>
	<description></description>
	<lastBuildDate>Sat, 19 Oct 2024 00:05:14 +0000</lastBuildDate>
	<language>en-US</language>
	<sy:updatePeriod>
	hourly	</sy:updatePeriod>
	<sy:updateFrequency>
	1	</sy:updateFrequency>
	<generator>https://wordpress.org/?v=6.6.2</generator>
	<item>
		<title>Bodily Harms: How AI and Biometrics Curtail Human Rights</title>
		<link>/bodily-harms-how-ai-and-biometrics-curtail-human-rights/</link>
					<comments>/bodily-harms-how-ai-and-biometrics-curtail-human-rights/#respond</comments>
		
		<dc:creator><![CDATA[Gabriel Santos]]></dc:creator>
		<pubDate>Sun, 15 Mar 2020 19:53:04 +0000</pubDate>
				<category><![CDATA[Biometrics]]></category>
		<category><![CDATA[Technology]]></category>
		<category><![CDATA[Technology Featured]]></category>
		<guid isPermaLink="false">https://smartmag.theme-sphere.com/digital-hub/bodily-harms-how-ai-and-biometrics-curtail-human-rights/</guid>

					<description><![CDATA[To understand the new smart watched and other pro devices of recent focus, we should look to Silicon Valley and the quantified movement. Apple&#8217;s Watch records exercise, tracks our moves throughout the day, checks the amount of time we are stood up and reminds us to get up and move around if we have been [...]]]></description>
										<content:encoded><![CDATA[
<p>To understand the new smart watched and other pro devices of recent focus, we should look to Silicon Valley and the quantified movement.</p>



<p>Apple&#8217;s Watch records exercise, tracks our moves throughout the day, checks the amount of time we are stood up and reminds us to get up and <a href="#">move around</a> if we have been sat for too long &#8211; let&#8217;s not forget Tim Cooks &#8220;sitting is the new coolness&#8221; line.</p>



<p>To its detractors, love at first sight must be an illusion &#8211; the wrong term for what is simply infatuation, or a way to sugarcoat lust.</p>



<h2 class="wp-block-heading">Best Chromebook: Google Pixelbook Go</h2>



<figure class="wp-block-image size-large is-style-default"><a href="/wp-content/uploads/2021/01/16.jpg"><img fetchpriority="high" decoding="async" width="1920" height="1280" src="/wp-content/uploads/2021/01/16.jpg" alt="" class="wp-image-8385" srcset="/wp-content/uploads/2021/01/16.jpg 1920w, /wp-content/uploads/2021/01/16-300x200.jpg 300w, /wp-content/uploads/2021/01/16-1024x683.jpg 1024w, /wp-content/uploads/2021/01/16-768x512.jpg 768w, /wp-content/uploads/2021/01/16-1536x1024.jpg 1536w, /wp-content/uploads/2021/01/16-150x100.jpg 150w, /wp-content/uploads/2021/01/16-450x300.jpg 450w, /wp-content/uploads/2021/01/16-1200x800.jpg 1200w" sizes="(max-width: 1920px) 100vw, 1920px" /></a></figure>



<p><strong>Tech Specs</strong></p>



<div class="wp-block-columns is-layout-flex wp-container-core-columns-is-layout-1 wp-block-columns-is-layout-flex">
<div class="wp-block-column is-layout-flow wp-block-column-is-layout-flow">
<ul class="wp-block-list">
<li>13.3-inch LCD touchscreen display</li>



<li>Intel Core i5-1135G7</li>



<li>256 GB SSD</li>
</ul>
</div>



<div class="wp-block-column is-layout-flow wp-block-column-is-layout-flow">
<ul class="wp-block-list">
<li>8GB DD4 Ram</li>



<li>12.5 battery hours</li>



<li>3.1 Pound</li>
</ul>
</div>
</div>



<p><strong>Who these are for:</strong> Students, people who need only basic features, and anyone who wants a cheap laptop to use as a second PC. </p>



<p><strong>Why we liked the Google Pixelbook Go</strong>!</p>



<p>The Google Pixelbook Go is a <a href="#">beautiful package</a>, from the gorgeous 13.3 inch touchscreen display and accurate keyboard to the 12-hour battery. It costs a few hundred dollars less than our top ultrabook pick and has nearly identical specs. </p>



<p>And unlike most cheap ultrabooks, the notebook is sturdy, has a fingerprint reader, and comes with a convenient and easily replaceable USB-C charger.</p>



<div class="wp-block-buttons is-layout-flex wp-block-buttons-is-layout-flex">
<div class="wp-block-button"><a class="wp-block-button__link wp-element-button" style="border-radius:10px">Buy At Amazon ($325)</a></div>



<div class="wp-block-button is-style-outline is-style-outline--80d4c225f0a2c295f3a034aa16e7f2d8"><a class="wp-block-button__link wp-element-button" style="border-radius:10px">Buy at Google ($350)</a></div>
</div>



<p class="has-dark-gray-color has-text-color has-small-font-size"><strong>Disclaimer:</strong> <em>Prices are at time of the review and subject to change.</em></p>



<hr class="wp-block-separator has-css-opacity is-style-wide"/>



<h2 class="wp-block-heading">Best MacBook: Apple rMBP 16-inch</h2>



<figure class="wp-block-image size-large"><a href="/wp-content/uploads/2021/01/10.jpg"><img decoding="async" width="1067" height="1600" src="/wp-content/uploads/2023/11/13-1.jpg" alt="" class="wp-image-8654" srcset="/wp-content/uploads/2023/11/13-1.jpg 1067w, /wp-content/uploads/2023/11/13-1-200x300.jpg 200w, /wp-content/uploads/2023/11/13-1-683x1024.jpg 683w, /wp-content/uploads/2023/11/13-1-768x1152.jpg 768w, /wp-content/uploads/2023/11/13-1-1024x1536.jpg 1024w, /wp-content/uploads/2023/11/13-1-150x225.jpg 150w, /wp-content/uploads/2023/11/13-1-450x675.jpg 450w" sizes="(max-width: 1067px) 100vw, 1067px" /></a></figure>



<p><strong>Tech Specs</strong></p>



<div class="wp-block-columns is-layout-flex wp-container-core-columns-is-layout-2 wp-block-columns-is-layout-flex">
<div class="wp-block-column is-layout-flow wp-block-column-is-layout-flow">
<ul class="wp-block-list">
<li>16-inch LCD touchscreen display</li>



<li>Intel Core i5-1135G7</li>



<li>512GB SSD</li>
</ul>
</div>



<div class="wp-block-column is-layout-flow wp-block-column-is-layout-flow">
<ul class="wp-block-list">
<li>16GB DD4 Ram</li>



<li>10.5 battery hours</li>



<li>2 Pounds</li>
</ul>
</div>
</div>



<p><strong>Who these are for: </strong>If you prefer macOS or need limited tech support, a MacBook is a safe bet. The 16-inch models usually offer the best performance of size, weight, and speed. They&#8217;re great for writers, office workers, commuters, and college students. </p>



<p><strong>Why we liked the 16-inch Model:</strong></p>



<p>The 2021 MacBook Air uses an Apple M1 chip that delivers <a href="#">great performance</a> and fantastic battery life. And the keyboard is finally improved with the new switches. But the Air&#8217;s light weight, solid construction, and industry-trailing support make it a decent laptop, especially if you also own an iPhone or other Apple devices.</p>



<div class="wp-block-buttons is-horizontal is-content-justification-left is-layout-flex wp-container-core-buttons-is-layout-2 wp-block-buttons-is-layout-flex">
<div class="wp-block-button"><a class="wp-block-button__link wp-element-button" style="border-radius:10px">Buy At Amazon ($1200)</a></div>



<div class="wp-block-button is-style-outline is-style-outline--ed7911c3e1b8a98728670df08c79e8be"><a class="wp-block-button__link wp-element-button" style="border-radius:10px">Buy at Apple ($1350)</a></div>
</div>



<p class="has-dark-gray-color has-text-color has-small-font-size"><strong>Disclaimer:</strong> <em>Prices are at time of the review and subject to change.</em></p>



<hr class="wp-block-separator has-css-opacity is-style-wide"/>



<p>As you&#8217;re tapping, scrolling, and swiping on your phone, you probably don&#8217;t give much thought to the fact that your apps are consuming electricity &#8211; just that they&#8217;re chipping away at your battery life.</p>



<p>Before you click away, disappointed that I brought up something as practical and boring as time management, hear me out. My intent is not to crush your spirits.</p>



<figure class="wp-block-pullquote alignwide is-style-default"><blockquote><p><strong>Only a quarter of young adults are financially literate. You don&#8217;t want to overwhelm them with terrible advice. Best to keep them on track.</strong></p><cite>JOHN MCCARTHY</cite></blockquote></figure>



<p>The average U.S. iPhone owner uses 1-2 gigabytes of LTE data per month, according to some studies. That data comes at an energy cost that&#8217;s opaque, because we can&#8217;t see it directly.</p>



<p>You can&#8217;t look to your peers in the industry, because all they&#8217;re going to tell you is that they are killing it, crushing it, changing the world.</p>



<p><strong>Also Read</strong>: <a href="#">Journey towards Design Perfection with Google Studio </a></p>



<figure class="wp-block-image alignwide size-large"><a href="/wp-content/uploads/2021/01/17.jpg"><img decoding="async" width="1920" height="1280" src="/wp-content/uploads/2021/01/17.jpg" alt="" class="wp-image-8386" srcset="/wp-content/uploads/2021/01/17.jpg 1920w, /wp-content/uploads/2021/01/17-300x200.jpg 300w, /wp-content/uploads/2021/01/17-1024x683.jpg 1024w, /wp-content/uploads/2021/01/17-768x512.jpg 768w, /wp-content/uploads/2021/01/17-1536x1024.jpg 1536w, /wp-content/uploads/2021/01/17-150x100.jpg 150w, /wp-content/uploads/2021/01/17-450x300.jpg 450w, /wp-content/uploads/2021/01/17-1200x800.jpg 1200w" sizes="(max-width: 1920px) 100vw, 1920px" /></a><figcaption class="wp-element-caption">Smart Tech just keeps getting Smarter.</figcaption></figure>



<p>To its detractors, love at first sight must be an illusion &#8211; the wrong term for what is simply infatuation, or a way to sugarcoat lust.</p>



<ul class="wp-block-list">
<li><strong>Take a social media hiatus.</strong>&nbsp;According to a recent survey from Everyday Health, 60 to 70 percent of young adults say they check their social media platforms at least daily. Why not dial that back for the holidays?</li>



<li><strong>Stick to your new routine.</strong>&nbsp;It&#8217;s tempting to shake up your typical schedule when the holidays come around, but women&#8217;s health expert and BINTO founder Suzie Welsh emphasizes the importance of routine amid the revelry.</li>



<li><strong>Be intentional about fitness.</strong>&nbsp;If working out is a de-stressor for you 365 days of the year, you want to make it a priority, no matter how crazy the holiday season gets.</li>
</ul>



<hr class="wp-block-separator has-css-opacity is-style-dots"/>



<h3 class="wp-block-heading">1. There is always the New Project, the New Opportunity.</h3>



<figure class="wp-block-image alignwide size-large"><a href="/wp-content/uploads/2021/01/18.jpg"><img loading="lazy" decoding="async" width="1920" height="1280" src="/wp-content/uploads/2021/01/18.jpg" alt="" class="wp-image-8388" srcset="/wp-content/uploads/2021/01/18.jpg 1920w, /wp-content/uploads/2021/01/18-300x200.jpg 300w, /wp-content/uploads/2021/01/18-1024x683.jpg 1024w, /wp-content/uploads/2021/01/18-768x512.jpg 768w, /wp-content/uploads/2021/01/18-1536x1024.jpg 1536w, /wp-content/uploads/2021/01/18-150x100.jpg 150w, /wp-content/uploads/2021/01/18-450x300.jpg 450w, /wp-content/uploads/2021/01/18-1200x800.jpg 1200w" sizes="(max-width: 1920px) 100vw, 1920px" /></a><figcaption class="wp-element-caption">An awesome day for working remotely.</figcaption></figure>



<p>Even though Google and Facebook opened Australian offices relatively early (Google in 2003 and Facebook in 2009), they are unashamedly <a href="#">US companies</a>, obsessed with US politics. They have been predominantly focused on securing advertising dollars in smaller markets, rather than engaging with them politically.</p>



<p>It&#8217;s clear their threats are attempts to now get the attention of Australia&#8217;s political class. And if the platforms follow through.</p>



<h3 class="wp-block-heading">2. To be successful, follow your passion and see where it leads you. All you have to do is jump right in!</h3>



<figure class="wp-block-image alignwide size-large"><a href="/wp-content/uploads/2021/01/22.jpg"><img loading="lazy" decoding="async" width="1920" height="1277" src="/wp-content/uploads/2021/01/22.jpg" alt="" class="wp-image-8401" srcset="/wp-content/uploads/2021/01/22.jpg 1920w, /wp-content/uploads/2021/01/22-300x200.jpg 300w, /wp-content/uploads/2021/01/22-1024x681.jpg 1024w, /wp-content/uploads/2021/01/22-768x511.jpg 768w, /wp-content/uploads/2021/01/22-1536x1022.jpg 1536w, /wp-content/uploads/2021/01/22-150x100.jpg 150w, /wp-content/uploads/2021/01/22-450x299.jpg 450w, /wp-content/uploads/2021/01/22-1200x798.jpg 1200w" sizes="(max-width: 1920px) 100vw, 1920px" /></a><figcaption class="wp-element-caption">Beach resorts office might be the final destination.</figcaption></figure>



<p>Shakespeare himself knows that there is such a thing as lust, and what we would now call infatuation. He&#8217;s no fool. People who exhibit the perfectionism are fearful of failure.</p>



<p>Google and Facebook were comparatively passive when the draft code first emerged in 2019, as part of the Australian Competition and Consumer Commission&#8217;s Digital Platforms Inquiry. Providing advance notice of any changes.</p>



<h2 class="wp-block-heading">Forget Your Fears and Worries</h2>



<p>Success isn&#8217;t about the end result, it&#8217;s about what you learn along the way. There were a lot of cut outs in the waists of gowns at the <a href="#">Critics&#8217; Choice Awards</a> and there were mostly chic and fun with a little peak of skin. The contrast in these stories help to highlight what we&#8217;ve learned:</p>



<ul class="wp-block-list">
<li>Light comes from all sorts of randomness void.</li>



<li>It&#8217;s a blessing, but also a terrible defect sensational.</li>



<li>Smart phones are a&nbsp;<em>massive</em>&nbsp;energy drain.</li>



<li>Buy&nbsp;<strong>SmartMag</strong>&nbsp;for your successful site.</li>
</ul>



<p>The more lightweight you keep an idea, the quicker it gets executed and the faster you get a feel for whether or not you should continue down the same road.</p>



<p>We&#8217;d love to show you how to make a great living as a writer.&nbsp;Add your email&nbsp;address to the waitlist below to be the first to hear when we reopen the doors to new students.</p>
]]></content:encoded>
					
					<wfw:commentRss>/bodily-harms-how-ai-and-biometrics-curtail-human-rights/feed/</wfw:commentRss>
			<slash:comments>0</slash:comments>
		
		
			</item>
	</channel>
</rss>
